<?xml version="1.0"?>
<font>
  <info face="LC Chalk" size="64" bold="1" italic="0" charset="" unicode="1" stretchH="100" smooth="1" aa="1" padding="0,0,0,0" spacing="1,1" outline="0"/>
  <common lineHeight="64" base="49" scaleW="512" scaleH="512" pages="1" packed="0" alphaChnl="0" redChnl="4" greenChnl="4" blueChnl="4"/>
  <pages>
    <page id="0" file="chalk_0.png" />
  </pages>
  <chars count="179">
    <char id="32" x="170" y="45" width="3" height="1" xoffset="-1" yoffset="63" xadvance="13" page="0" chnl="15" />
    <char id="33" x="61" y="173" width="13" height="39" xoffset="-1" yoffset="10" xadvance="13" page="0" chnl="15" />
    <char id="34" x="195" y="332" width="10" height="9" xoffset="0" yoffset="9" xadvance="11" page="0" chnl="15" />
    <char id="35" x="284" y="240" width="35" height="30" xoffset="6" yoffset="19" xadvance="41" page="0" chnl="15" />
    <char id="36" x="195" y="248" width="23" height="31" xoffset="1" yoffset="18" xadvance="26" page="0" chnl="15" />
    <char id="37" x="481" y="236" width="23" height="27" xoffset="0" yoffset="22" xadvance="25" page="0" chnl="15" />
    <char id="38" x="456" y="237" width="24" height="29" xoffset="-1" yoffset="20" xadvance="25" page="0" chnl="15" />
    <char id="39" x="500" y="0" width="11" height="40" xoffset="-1" yoffset="9" xadvance="12" page="0" chnl="15" />
    <char id="40" x="109" y="49" width="16" height="41" xoffset="0" yoffset="8" xadvance="24" page="0" chnl="15" />
    <char id="41" x="397" y="0" width="21" height="42" xoffset="-1" yoffset="7" xadvance="21" page="0" chnl="15" />
    <char id="42" x="47" y="337" width="30" height="19" xoffset="0" yoffset="23" xadvance="31" page="0" chnl="15" />
    <char id="43" x="78" y="335" width="24" height="17" xoffset="0" yoffset="25" xadvance="23" page="0" chnl="15" />
    <char id="44" x="498" y="287" width="13" height="15" xoffset="-1" yoffset="43" xadvance="12" page="0" chnl="15" />
    <char id="45" x="284" y="271" width="22" height="5" xoffset="0" yoffset="31" xadvance="22" page="0" chnl="15" />
    <char id="46" x="496" y="188" width="9" height="7" xoffset="-1" yoffset="42" xadvance="8" page="0" chnl="15" />
    <char id="47" x="247" y="204" width="24" height="37" xoffset="0" yoffset="11" xadvance="25" page="0" chnl="15" />
    <char id="48" x="165" y="90" width="39" height="39" xoffset="0" yoffset="10" xadvance="40" page="0" chnl="15" />
    <char id="49" x="163" y="171" width="35" height="38" xoffset="0" yoffset="11" xadvance="37" page="0" chnl="15" />
    <char id="50" x="419" y="83" width="33" height="39" xoffset="0" yoffset="10" xadvance="35" page="0" chnl="15" />
    <char id="51" x="377" y="123" width="28" height="39" xoffset="-1" yoffset="10" xadvance="28" page="0" chnl="15" />
    <char id="52" x="433" y="163" width="31" height="38" xoffset="-1" yoffset="11" xadvance="31" page="0" chnl="15" />
    <char id="53" x="84" y="91" width="40" height="39" xoffset="0" yoffset="10" xadvance="41" page="0" chnl="15" />
    <char id="54" x="242" y="83" width="35" height="39" xoffset="0" yoffset="10" xadvance="36" page="0" chnl="15" />
    <char id="55" x="347" y="43" width="45" height="39" xoffset="0" yoffset="10" xadvance="46" page="0" chnl="15" />
    <char id="56" x="487" y="82" width="24" height="39" xoffset="0" yoffset="10" xadvance="25" page="0" chnl="15" />
    <char id="57" x="257" y="123" width="30" height="39" xoffset="0" yoffset="10" xadvance="31" page="0" chnl="15" />
    <char id="58" x="496" y="162" width="10" height="25" xoffset="0" yoffset="20" xadvance="10" page="0" chnl="15" />
    <char id="59" x="167" y="210" width="18" height="38" xoffset="0" yoffset="25" xadvance="18" page="0" chnl="15" />
    <char id="60" x="102" y="285" width="18" height="25" xoffset="-1" yoffset="20" xadvance="17" page="0" chnl="15" />
    <char id="61" x="143" y="332" width="21" height="15" xoffset="0" yoffset="27" xadvance="21" page="0" chnl="15" />
    <char id="62" x="20" y="337" width="26" height="21" xoffset="0" yoffset="22" xadvance="27" page="0" chnl="15" />
    <char id="63" x="272" y="202" width="19" height="37" xoffset="0" yoffset="12" xadvance="19" page="0" chnl="15" />
    <char id="64" x="26" y="252" width="33" height="33" xoffset="-1" yoffset="16" xadvance="32" page="0" chnl="15" />
    <char id="65" x="164" y="131" width="30" height="39" xoffset="-1" yoffset="10" xadvance="30" page="0" chnl="15" />
    <char id="66" x="318" y="123" width="29" height="39" xoffset="0" yoffset="10" xadvance="29" page="0" chnl="15" />
    <char id="67" x="336" y="163" width="32" height="38" xoffset="0" yoffset="11" xadvance="33" page="0" chnl="15" />
    <char id="68" x="44" y="0" width="51" height="48" xoffset="0" yoffset="6" xadvance="52" page="0" chnl="15" />
    <char id="69" x="349" y="83" width="34" height="39" xoffset="0" yoffset="10" xadvance="35" page="0" chnl="15" />
    <char id="70" x="99" y="131" width="32" height="39" xoffset="0" yoffset="10" xadvance="33" page="0" chnl="15" />
    <char id="71" x="33" y="133" width="32" height="39" xoffset="-1" yoffset="10" xadvance="32" page="0" chnl="15" />
    <char id="72" x="0" y="51" width="37" height="41" xoffset="0" yoffset="10" xadvance="38" page="0" chnl="15" />
    <char id="73" x="24" y="173" width="20" height="39" xoffset="-1" yoffset="10" xadvance="20" page="0" chnl="15" />
    <char id="74" x="66" y="133" width="32" height="39" xoffset="0" yoffset="10" xadvance="32" page="0" chnl="15" />
    <char id="75" x="0" y="173" width="23" height="39" xoffset="0" yoffset="10" xadvance="23" page="0" chnl="15" />
    <char id="76" x="117" y="212" width="26" height="38" xoffset="0" yoffset="11" xadvance="26" page="0" chnl="15" />
    <char id="77" x="460" y="0" width="39" height="41" xoffset="0" yoffset="11" xadvance="40" page="0" chnl="15" />
    <char id="78" x="280" y="0" width="41" height="42" xoffset="0" yoffset="11" xadvance="41" page="0" chnl="15" />
    <char id="79" x="384" y="83" width="34" height="39" xoffset="0" yoffset="10" xadvance="34" page="0" chnl="15" />
    <char id="80" x="0" y="133" width="32" height="39" xoffset="0" yoffset="10" xadvance="33" page="0" chnl="15" />
    <char id="81" x="164" y="49" width="35" height="40" xoffset="0" yoffset="11" xadvance="35" page="0" chnl="15" />
    <char id="82" x="88" y="212" width="28" height="38" xoffset="0" yoffset="11" xadvance="29" page="0" chnl="15" />
    <char id="83" x="465" y="162" width="30" height="38" xoffset="0" yoffset="11" xadvance="31" page="0" chnl="15" />
    <char id="84" x="436" y="42" width="42" height="39" xoffset="0" yoffset="10" xadvance="43" page="0" chnl="15" />
    <char id="85" x="401" y="163" width="31" height="38" xoffset="-1" yoffset="11" xadvance="32" page="0" chnl="15" />
    <char id="86" x="121" y="171" width="41" height="38" xoffset="0" yoffset="11" xadvance="42" page="0" chnl="15" />
    <char id="87" x="242" y="43" width="52" height="39" xoffset="0" yoffset="10" xadvance="52" page="0" chnl="15" />
    <char id="88" x="463" y="122" width="27" height="39" xoffset="0" yoffset="10" xadvance="28" page="0" chnl="15" />
    <char id="89" x="268" y="163" width="33" height="38" xoffset="0" yoffset="11" xadvance="34" page="0" chnl="15" />
    <char id="90" x="0" y="93" width="41" height="39" xoffset="0" yoffset="11" xadvance="42" page="0" chnl="15" />
    <char id="91" x="302" y="163" width="33" height="38" xoffset="0" yoffset="11" xadvance="34" page="0" chnl="15" />
    <char id="92" x="435" y="123" width="27" height="39" xoffset="-1" yoffset="10" xadvance="26" page="0" chnl="15" />
    <char id="93" x="195" y="130" width="30" height="39" xoffset="0" yoffset="10" xadvance="31" page="0" chnl="15" />
    <char id="94" x="103" y="335" width="21" height="16" xoffset="-1" yoffset="9" xadvance="21" page="0" chnl="15" />
    <char id="95" x="206" y="332" width="42" height="5" xoffset="0" yoffset="50" xadvance="42" page="0" chnl="15" />
    <char id="96" x="125" y="335" width="17" height="16" xoffset="0" yoffset="8" xadvance="17" page="0" chnl="15" />
    <char id="97" x="183" y="281" width="21" height="24" xoffset="0" yoffset="26" xadvance="22" page="0" chnl="15" />
    <char id="98" x="396" y="202" width="26" height="35" xoffset="0" yoffset="14" xadvance="27" page="0" chnl="15" />
    <char id="99" x="353" y="294" width="25" height="22" xoffset="0" yoffset="27" xadvance="26" page="0" chnl="15" />
    <char id="100" x="200" y="44" width="30" height="40" xoffset="0" yoffset="14" xadvance="32" page="0" chnl="15" />
    <char id="101" x="325" y="295" width="27" height="22" xoffset="0" yoffset="27" xadvance="27" page="0" chnl="15" />
    <char id="102" x="364" y="202" width="31" height="35" xoffset="0" yoffset="14" xadvance="31" page="0" chnl="15" />
    <char id="103" x="186" y="210" width="31" height="37" xoffset="-1" yoffset="26" xadvance="31" page="0" chnl="15" />
    <char id="104" x="423" y="202" width="23" height="35" xoffset="0" yoffset="14" xadvance="24" page="0" chnl="15" />
    <char id="105" x="416" y="269" width="16" height="23" xoffset="0" yoffset="26" xadvance="15" page="0" chnl="15" />
    <char id="106" x="404" y="238" width="25" height="30" xoffset="0" yoffset="26" xadvance="26" page="0" chnl="15" />
    <char id="107" x="292" y="202" width="16" height="37" xoffset="0" yoffset="15" xadvance="17" page="0" chnl="15" />
    <char id="108" x="0" y="252" width="25" height="34" xoffset="-1" yoffset="15" xadvance="24" page="0" chnl="15" />
    <char id="109" x="153" y="284" width="29" height="24" xoffset="0" yoffset="27" xadvance="29" page="0" chnl="15" />
    <char id="110" x="476" y="291" width="21" height="22" xoffset="0" yoffset="27" xadvance="22" page="0" chnl="15" />
    <char id="111" x="269" y="302" width="27" height="22" xoffset="0" yoffset="27" xadvance="27" page="0" chnl="15" />
    <char id="112" x="84" y="252" width="28" height="32" xoffset="0" yoffset="26" xadvance="29" page="0" chnl="15" />
    <char id="113" x="478" y="201" width="27" height="34" xoffset="0" yoffset="27" xadvance="27" page="0" chnl="15" />
    <char id="114" x="0" y="337" width="19" height="22" xoffset="-1" yoffset="27" xadvance="19" page="0" chnl="15" />
    <char id="115" x="429" y="293" width="23" height="22" xoffset="0" yoffset="27" xadvance="24" page="0" chnl="15" />
    <char id="116" x="447" y="202" width="30" height="34" xoffset="0" yoffset="15" xadvance="30" page="0" chnl="15" />
    <char id="117" x="297" y="302" width="27" height="22" xoffset="-1" yoffset="27" xadvance="26" page="0" chnl="15" />
    <char id="118" x="97" y="312" width="37" height="22" xoffset="-1" yoffset="27" xadvance="37" page="0" chnl="15" />
    <char id="119" x="0" y="314" width="53" height="22" xoffset="0" yoffset="27" xadvance="53" page="0" chnl="15" />
    <char id="120" x="377" y="238" width="26" height="30" xoffset="0" yoffset="26" xadvance="27" page="0" chnl="15" />
    <char id="121" x="219" y="247" width="22" height="31" xoffset="-3" yoffset="27" xadvance="20" page="0" chnl="15" />
    <char id="122" x="135" y="309" width="37" height="22" xoffset="0" yoffset="27" xadvance="38" page="0" chnl="15" />
    <char id="123" x="491" y="122" width="20" height="39" xoffset="0" yoffset="10" xadvance="21" page="0" chnl="15" />
    <char id="124" x="231" y="44" width="10" height="40" xoffset="0" yoffset="10" xadvance="11" page="0" chnl="15" />
    <char id="125" x="45" y="173" width="15" height="39" xoffset="0" yoffset="10" xadvance="15" page="0" chnl="15" />
    <char id="126" x="165" y="332" width="29" height="11" xoffset="0" yoffset="28" xadvance="29" page="0" chnl="15" />
    <char id="127" x="166" y="47" width="3" height="1" xoffset="-1" yoffset="63" xadvance="22" page="0" chnl="15" />
    <char id="1024" x="166" y="45" width="3" height="1" xoffset="-1" yoffset="63" xadvance="22" page="0" chnl="15" />
    <char id="1025" x="406" y="123" width="28" height="39" xoffset="0" yoffset="10" xadvance="29" page="0" chnl="15" />
    <char id="1026" x="348" y="123" width="28" height="39" xoffset="0" yoffset="10" xadvance="29" page="0" chnl="15" />
    <char id="1027" x="60" y="49" width="3" height="1" xoffset="-1" yoffset="63" xadvance="22" page="0" chnl="15" />
    <char id="1028" x="56" y="49" width="3" height="1" xoffset="-1" yoffset="63" xadvance="22" page="0" chnl="15" />
    <char id="1029" x="170" y="47" width="3" height="1" xoffset="-1" yoffset="63" xadvance="22" page="0" chnl="15" />
    <char id="1030" x="52" y="49" width="3" height="1" xoffset="-1" yoffset="63" xadvance="22" page="0" chnl="15" />
    <char id="1031" x="44" y="49" width="3" height="1" xoffset="-1" yoffset="63" xadvance="22" page="0" chnl="15" />
    <char id="1032" x="178" y="47" width="3" height="1" xoffset="-1" yoffset="63" xadvance="22" page="0" chnl="15" />
    <char id="1033" x="174" y="47" width="3" height="1" xoffset="-1" yoffset="63" xadvance="22" page="0" chnl="15" />
    <char id="1034" x="174" y="45" width="3" height="1" xoffset="-1" yoffset="63" xadvance="22" page="0" chnl="15" />
    <char id="1035" x="48" y="49" width="3" height="1" xoffset="-1" yoffset="63" xadvance="22" page="0" chnl="15" />
    <char id="1036" x="178" y="45" width="3" height="1" xoffset="-1" yoffset="63" xadvance="22" page="0" chnl="15" />
    <char id="1037" x="182" y="47" width="3" height="1" xoffset="-1" yoffset="63" xadvance="22" page="0" chnl="15" />
    <char id="1038" x="64" y="49" width="3" height="1" xoffset="-1" yoffset="63" xadvance="22" page="0" chnl="15" />
    <char id="1039" x="68" y="49" width="3" height="1" xoffset="-1" yoffset="63" xadvance="22" page="0" chnl="15" />
    <char id="1040" x="361" y="0" width="35" height="42" xoffset="0" yoffset="10" xadvance="35" page="0" chnl="15" />
    <char id="1041" x="314" y="83" width="34" height="39" xoffset="0" yoffset="10" xadvance="34" page="0" chnl="15" />
    <char id="1042" x="132" y="131" width="31" height="39" xoffset="0" yoffset="10" xadvance="32" page="0" chnl="15" />
    <char id="1043" x="205" y="85" width="36" height="39" xoffset="0" yoffset="10" xadvance="37" page="0" chnl="15" />
    <char id="1044" x="75" y="173" width="45" height="38" xoffset="0" yoffset="11" xadvance="45" page="0" chnl="15" />
    <char id="1045" x="453" y="82" width="33" height="39" xoffset="-1" yoffset="10" xadvance="33" page="0" chnl="15" />
    <char id="1046" x="322" y="0" width="38" height="42" xoffset="0" yoffset="10" xadvance="39" page="0" chnl="15" />
    <char id="1047" x="144" y="210" width="22" height="38" xoffset="0" yoffset="10" xadvance="23" page="0" chnl="15" />
    <char id="1048" x="0" y="213" width="29" height="38" xoffset="0" yoffset="11" xadvance="30" page="0" chnl="15" />
    <char id="1049" x="134" y="0" width="31" height="48" xoffset="0" yoffset="1" xadvance="31" page="0" chnl="15" />
    <char id="1050" x="369" y="163" width="31" height="38" xoffset="0" yoffset="11" xadvance="32" page="0" chnl="15" />
    <char id="1051" x="278" y="83" width="35" height="39" xoffset="0" yoffset="10" xadvance="36" page="0" chnl="15" />
    <char id="1052" x="126" y="49" width="37" height="40" xoffset="0" yoffset="11" xadvance="38" page="0" chnl="15" />
    <char id="1053" x="38" y="51" width="36" height="41" xoffset="0" yoffset="11" xadvance="36" page="0" chnl="15" />
    <char id="1054" x="42" y="93" width="41" height="39" xoffset="0" yoffset="10" xadvance="42" page="0" chnl="15" />
    <char id="1055" x="199" y="170" width="34" height="38" xoffset="0" yoffset="11" xadvance="35" page="0" chnl="15" />
    <char id="1056" x="288" y="123" width="29" height="39" xoffset="0" yoffset="10" xadvance="30" page="0" chnl="15" />
    <char id="1057" x="479" y="42" width="32" height="39" xoffset="-1" yoffset="10" xadvance="32" page="0" chnl="15" />
    <char id="1058" x="125" y="91" width="39" height="39" xoffset="0" yoffset="10" xadvance="40" page="0" chnl="15" />
    <char id="1059" x="30" y="213" width="28" height="38" xoffset="0" yoffset="11" xadvance="29" page="0" chnl="15" />
    <char id="1060" x="393" y="43" width="42" height="39" xoffset="-1" yoffset="10" xadvance="40" page="0" chnl="15" />
    <char id="1061" x="200" y="0" width="33" height="43" xoffset="0" yoffset="10" xadvance="34" page="0" chnl="15" />
    <char id="1062" x="96" y="0" width="37" height="48" xoffset="0" yoffset="10" xadvance="37" page="0" chnl="15" />
    <char id="1063" x="59" y="213" width="28" height="38" xoffset="0" yoffset="11" xadvance="29" page="0" chnl="15" />
    <char id="1064" x="234" y="0" width="45" height="42" xoffset="0" yoffset="10" xadvance="46" page="0" chnl="15" />
    <char id="1065" x="0" y="0" width="43" height="50" xoffset="0" yoffset="10" xadvance="44" page="0" chnl="15" />
    <char id="1066" x="234" y="165" width="33" height="38" xoffset="0" yoffset="11" xadvance="34" page="0" chnl="15" />
    <char id="1067" x="419" y="0" width="40" height="41" xoffset="2" yoffset="10" xadvance="43" page="0" chnl="15" />
    <char id="1068" x="226" y="125" width="30" height="39" xoffset="0" yoffset="10" xadvance="30" page="0" chnl="15" />
    <char id="1069" x="75" y="49" width="33" height="41" xoffset="0" yoffset="10" xadvance="34" page="0" chnl="15" />
    <char id="1070" x="295" y="43" width="51" height="39" xoffset="0" yoffset="10" xadvance="52" page="0" chnl="15" />
    <char id="1071" x="166" y="0" width="33" height="44" xoffset="0" yoffset="10" xadvance="34" page="0" chnl="15" />
    <char id="1072" x="49" y="286" width="29" height="25" xoffset="0" yoffset="26" xadvance="30" page="0" chnl="15" />
    <char id="1073" x="309" y="202" width="27" height="36" xoffset="0" yoffset="13" xadvance="27" page="0" chnl="15" />
    <char id="1074" x="337" y="202" width="26" height="36" xoffset="0" yoffset="13" xadvance="26" page="0" chnl="15" />
    <char id="1075" x="376" y="270" width="20" height="23" xoffset="0" yoffset="26" xadvance="21" page="0" chnl="15" />
    <char id="1076" x="320" y="239" width="28" height="30" xoffset="0" yoffset="19" xadvance="28" page="0" chnl="15" />
    <char id="1077" x="243" y="278" width="33" height="23" xoffset="0" yoffset="26" xadvance="34" page="0" chnl="15" />
    <char id="1078" x="433" y="268" width="53" height="22" xoffset="0" yoffset="27" xadvance="53" page="0" chnl="15" />
    <char id="1079" x="60" y="252" width="23" height="33" xoffset="-1" yoffset="27" xadvance="22" page="0" chnl="15" />
    <char id="1080" x="240" y="304" width="28" height="22" xoffset="0" yoffset="27" xadvance="29" page="0" chnl="15" />
    <char id="1081" x="430" y="238" width="25" height="29" xoffset="0" yoffset="20" xadvance="25" page="0" chnl="15" />
    <char id="1082" x="225" y="279" width="17" height="24" xoffset="0" yoffset="25" xadvance="17" page="0" chnl="15" />
    <char id="1083" x="205" y="280" width="19" height="24" xoffset="0" yoffset="27" xadvance="20" page="0" chnl="15" />
    <char id="1084" x="121" y="284" width="31" height="24" xoffset="0" yoffset="27" xadvance="32" page="0" chnl="15" />
    <char id="1085" x="379" y="294" width="24" height="22" xoffset="0" yoffset="27" xadvance="25" page="0" chnl="15" />
    <char id="1086" x="487" y="264" width="24" height="22" xoffset="0" yoffset="27" xadvance="25" page="0" chnl="15" />
    <char id="1087" x="79" y="286" width="22" height="25" xoffset="-1" yoffset="24" xadvance="22" page="0" chnl="15" />
    <char id="1088" x="165" y="249" width="29" height="31" xoffset="0" yoffset="28" xadvance="29" page="0" chnl="15" />
    <char id="1089" x="307" y="271" width="24" height="23" xoffset="0" yoffset="26" xadvance="24" page="0" chnl="15" />
    <char id="1090" x="208" y="305" width="31" height="22" xoffset="0" yoffset="27" xadvance="31" page="0" chnl="15" />
    <char id="1091" x="141" y="251" width="23" height="32" xoffset="0" yoffset="26" xadvance="24" page="0" chnl="15" />
    <char id="1092" x="218" y="209" width="28" height="37" xoffset="0" yoffset="26" xadvance="29" page="0" chnl="15" />
    <char id="1093" x="277" y="278" width="29" height="23" xoffset="0" yoffset="26" xadvance="30" page="0" chnl="15" />
    <char id="1094" x="349" y="239" width="27" height="30" xoffset="0" yoffset="26" xadvance="28" page="0" chnl="15" />
    <char id="1095" x="397" y="269" width="18" height="23" xoffset="0" yoffset="26" xadvance="18" page="0" chnl="15" />
    <char id="1096" x="0" y="287" width="48" height="26" xoffset="0" yoffset="27" xadvance="48" page="0" chnl="15" />
    <char id="1097" x="242" y="247" width="41" height="30" xoffset="0" yoffset="27" xadvance="42" page="0" chnl="15" />
    <char id="1098" x="453" y="291" width="22" height="22" xoffset="0" yoffset="27" xadvance="22" page="0" chnl="15" />
    <char id="1099" x="173" y="309" width="34" height="22" xoffset="0" yoffset="27" xadvance="34" page="0" chnl="15" />
    <char id="1100" x="404" y="293" width="24" height="22" xoffset="0" yoffset="27" xadvance="25" page="0" chnl="15" />
    <char id="1101" x="355" y="270" width="20" height="23" xoffset="0" yoffset="26" xadvance="21" page="0" chnl="15" />
    <char id="1102" x="54" y="312" width="42" height="22" xoffset="0" yoffset="27" xadvance="43" page="0" chnl="15" />
    <char id="1103" x="332" y="270" width="22" height="23" xoffset="0" yoffset="26" xadvance="23" page="0" chnl="15" />
    <char id="1104" x="182" y="45" width="3" height="1" xoffset="-1" yoffset="63" xadvance="22" page="0" chnl="15" />
    <char id="1105" x="113" y="251" width="27" height="32" xoffset="0" yoffset="17" xadvance="28" page="0" chnl="15" />
    <char id="1106" x="186" y="45" width="3" height="1" xoffset="-1" yoffset="63" xadvance="22" page="0" chnl="15" />
  </chars>
</font>
